{
    "name": "root",
    "gauges": {
        "DroneGrid2D.Policy.Entropy.mean": {
            "value": 0.9282910823822021,
            "min": 0.9282910823822021,
            "max": 0.9953479170799255,
            "count": 3
        },
        "DroneGrid2D.Policy.Entropy.sum": {
            "value": 46637.34375,
            "min": 228.93002319335938,
            "max": 49390.04296875,
            "count": 3
        },
        "DroneGrid2D.Environment.LessonNumber.grid_size.mean": {
            "value": 2.0,
            "min": 0.0,
            "max": 2.0,
            "count": 3
        },
        "DroneGrid2D.Environment.LessonNumber.grid_size.sum": {
            "value": 2.0,
            "min": 0.0,
            "max": 2.0,
            "count": 3
        },
        "DroneGrid2D.Environment.LessonNumber.num_obstacles.mean": {
            "value": 5.0,
            "min": 0.0,
            "max": 5.0,
            "count": 3
        },
        "DroneGrid2D.Environment.LessonNumber.num_obstacles.sum": {
            "value": 5.0,
            "min": 0.0,
            "max": 5.0,
            "count": 3
        },
        "DroneGrid2D.Environment.EpisodeLength.mean": {
            "value": 110.78603603603604,
            "min": 12.444444444444445,
            "max": 110.78603603603604,
            "count": 3
        },
        "DroneGrid2D.Environment.EpisodeLength.sum": {
            "value": 49189.0,
            "min": 112.0,
            "max": 49189.0,
            "count": 3
        },
        "DroneGrid2D.Step.mean": {
            "value": 999900.0,
            "min": 899978.0,
            "max": 999900.0,
            "count": 3
        },
        "DroneGrid2D.Step.sum": {
            "value": 999900.0,
            "min": 899978.0,
            "max": 999900.0,
            "count": 3
        },
        "DroneGrid2D.Policy.ExtrinsicValueEstimate.mean": {
            "value": 0.5876965522766113,
            "min": 0.5558876991271973,
            "max": 0.6587061882019043,
            "count": 3
        },
        "DroneGrid2D.Policy.ExtrinsicValueEstimate.sum": {
            "value": 295.023681640625,
            "min": 4.447101593017578,
            "max": 557.9241333007812,
            "count": 3
        },
        "DroneGrid2D.Environment.CumulativeReward.mean": {
            "value": 0.9440492536077338,
            "min": 0.9099264517426491,
            "max": 0.9440492536077338,
            "count": 3
        },
        "DroneGrid2D.Environment.CumulativeReward.sum": {
            "value": 420.10191785544157,
            "min": 7.279411613941193,
            "max": 772.4944782853127,
            "count": 3
        },
        "DroneGrid2D.Policy.ExtrinsicReward.mean": {
            "value": 0.9440492536077338,
            "min": 0.9099264517426491,
            "max": 0.9440492536077338,
            "count": 3
        },
        "DroneGrid2D.Policy.ExtrinsicReward.sum": {
            "value": 420.10191785544157,
            "min": 7.279411613941193,
            "max": 772.4944782853127,
            "count": 3
        },
        "DroneGrid2D.IsTraining.mean": {
            "value": 1.0,
            "min": 1.0,
            "max": 1.0,
            "count": 3
        },
        "DroneGrid2D.IsTraining.sum": {
            "value": 1.0,
            "min": 1.0,
            "max": 1.0,
            "count": 3
        },
        "DroneGrid2D.Losses.PolicyLoss.mean": {
            "value": 0.05271619368322718,
            "min": 0.05271619368322718,
            "max": 0.07175817840577413,
            "count": 2
        },
        "DroneGrid2D.Losses.PolicyLoss.sum": {
            "value": 0.2635809684161359,
            "min": 0.2635809684161359,
            "max": 0.35879089202887066,
            "count": 2
        },
        "DroneGrid2D.Losses.ValueLoss.mean": {
            "value": 0.008820028202608228,
            "min": 0.008820028202608228,
            "max": 0.009669733061455191,
            "count": 2
        },
        "DroneGrid2D.Losses.ValueLoss.sum": {
            "value": 0.04410014101304114,
            "min": 0.04410014101304114,
            "max": 0.048348665307275954,
            "count": 2
        },
        "DroneGrid2D.Policy.LearningRate.mean": {
            "value": 6.409417863560012e-06,
            "min": 6.409417863560012e-06,
            "max": 2.138421287195999e-05,
            "count": 2
        },
        "DroneGrid2D.Policy.LearningRate.sum": {
            "value": 3.204708931780006e-05,
            "min": 3.204708931780006e-05,
            "max": 0.00010692106435979995,
            "count": 2
        },
        "DroneGrid2D.Policy.Epsilon.mean": {
            "value": 0.10213644,
            "min": 0.10213644,
            "max": 0.10712804000000001,
            "count": 2
        },
        "DroneGrid2D.Policy.Epsilon.sum": {
            "value": 0.5106822,
            "min": 0.5106822,
            "max": 0.5356402,
            "count": 2
        },
        "DroneGrid2D.Policy.Beta.mean": {
            "value": 6.31973560000001e-05,
            "min": 6.31973560000001e-05,
            "max": 0.0001874881959999999,
            "count": 2
        },
        "DroneGrid2D.Policy.Beta.sum": {
            "value": 0.0003159867800000005,
            "min": 0.0003159867800000005,
            "max": 0.0009374409799999995,
            "count": 2
        }
    },
    "metadata": {
        "timer_format_version": "0.1.0",
        "start_time_seconds": "1763917080",
        "python_version": "3.10.11 (tags/v3.10.11:7d4cc5a, Apr  5 2023, 00:38:17) [MSC v.1929 64 bit (AMD64)]",
        "command_line_arguments": "D:\\ml-agents\\venv\\Scripts\\mlagents-learn config/ppo/GridWorld2DCurriculumAndMemory-8.yaml --run-id=ppo-memory-8-curriculum --resume",
        "mlagents_version": "1.1.0",
        "mlagents_envs_version": "1.1.0",
        "communication_protocol_version": "1.5.0",
        "pytorch_version": "2.8.0+cu129",
        "numpy_version": "1.23.5",
        "end_time_seconds": "1763917292"
    },
    "total": 212.16740370000002,
    "count": 1,
    "self": 0.01627300000006926,
    "children": {
        "run_training.setup": {
            "total": 0.16239050000001498,
            "count": 1,
            "self": 0.16239050000001498
        },
        "TrainerController.start_learning": {
            "total": 211.98874019999994,
            "count": 1,
            "self": 0.34487239999265284,
            "children": {
                "TrainerController._reset_env": {
                    "total": 15.259712200000024,
                    "count": 1,
                    "self": 15.259712200000024
                },
                "TrainerController.advance": {
                    "total": 196.26197970000737,
                    "count": 10088,
                    "self": 0.4302171000037447,
                    "children": {
                        "env_step": {
                            "total": 139.62131280000017,
                            "count": 10088,
                            "self": 89.30019040000258,
                            "children": {
                                "SubprocessEnvManager._take_step": {
                                    "total": 50.173007600001085,
                                    "count": 10088,
                                    "self": 1.1491771999957905,
                                    "children": {
                                        "TorchPolicy.evaluate": {
                                            "total": 49.023830400005295,
                                            "count": 10088,
                                            "self": 49.023830400005295
                                        }
                                    }
                                },
                                "workers": {
                                    "total": 0.148114799996506,
                                    "count": 10088,
                                    "self": 0.0,